Sofie,Atelco,F,1
Nina,Schaper,F,1
Chris,Maack,M,1
Philine,Brodbeck,F,1
Christof,Reichel,M,1
Simon,Tucker,M,1
Ursula,Bross,F,1
Ulrich,Person,M,1
Mandy,Henke,F,1
Kristian,Martini,M,1
Karoline,Siemer,F,1
Dustin,Schütte,M,1
Carlotta,Heidenreich,F,1
Lothar,Lamers,M,1
Bruno,Mück,M,1
Carolin,Barton,F,1
Gerda,Atelco,F,1
Vanessa,Spengler,F,1
Bruno,Ehrenberg,F,1
Malin,Nunez,M,1
Kurt,Kassner,M,1
Jason,Schade,M,1
Erika,Hügel,F,1
Sylvia,Hass,F,1
Jule,Fritsche,F,1
Ernst,Horton,M,1
Luise,Lippert,F,1
Kristof,Wood,M,1
Maria,Sigmund,F,1
Detlev,Seifried,M,1
Konstantin,Alexander,M,1
Lene,Friedel,F,1
Joana,Pieper,F,1
Tanja,Carroll,F,1
Amy,Steinmann,F,1
Anneliese,Breit,F,1
Christopher,Porter,M,1
Lewin,Carter,M,1
Bernt,Bald,M,1
Hannes,Rein,M,1
Bjarne,Wiener,M,1
Ann,Harmon,F,1
Joel,Sandra,M,1
Detlev,Thompson,M,1
Justin,Selzer,M,1
Hannah,Kühne,F,1
Miguel,Marten,M,1
Lukas,Hockney,M,1
Ida,Kreuz,F,1
Rebekka,Reineke,F,1
Catrin,Kamm,F,1
Elisabeth,Haynes,F,1
Julian,Ziller,M,1
Marike,Vaughn,F,1
Yvonne,Riedl,F,1
Bernt,Sieger,M,1
Marianne,Rack,F,1
Dagmar,Nowak,F,1
Luk,Lachmann,M,1
Laila,Mühlbach,F,1
Willy,Kirchhoff,M,1
Cornelia,Fritsche,F,1
Bernd,Weichert,M,1
Ulrich,Reis,M,1
Til,Sass,M,1
Joana,Manske,F,1
Theo,Haffner,M,1
Timo,Schmitz,M,1
Eric,Heilmann,M,1
Lucie,Underwood,F,1
Nicolas,Goetze,F,1
Marko,Schweitzer,M,1
Pauline,Haug,F,1
Ingo,Barnes,M,1
Claas,Felten,M,1
Jamie,Brückmann,M,1
Nelly,Petri,F,1
Jürgen,Guzman,M,1
Marlies,Guerrero,F,1
Andre,Bretz,M,1
Barbara,Schaaf,F,1
Tim,Nau,M,1
Alina,Doppelpunkt,F,1
Lena,Hinz,F,1
Dieter,Beere,M,1
Rita,Heuser,F,1
Lucie,Brigitte,F,1
Jannick,Naber,M,1
Jeremie,Wichmann,M,1
Waldtraut,Lüke,F,1
Greta,Rogers,F,1
Joachim,Hagedorn,M,1
Anton,Weber,M,1
Marcel,Häger,M,1
Phillip,Amann,M,1
Laila,Brück,F,1
Thorben,Ullmann,M,1
Tara,Krug,F,1
Magnus,Kalisch,M,1
Claas,Gehlen,M,1
